"date","tx_incid","incid_hosp","incid_rea","incid_rad","incid_dchosp","dose1","dose2","dose3"
2021-01-01,137.043465346535,677,99,687,133,"1173","2","0"
2021-01-02,142.581188118812,646,101,285,157,"366","3","0"
2021-01-03,143.606534653465,657,101,224,116,"409","0","0"
2021-01-04,152.973366336634,1262,246,672,380,"2123","4","0"
2021-01-05,156.051485148515,1747,245,1474,346,"7758","5","0"
2021-01-06,155.945742574257,1438,234,1265,291,"12463","22","0"
2021-01-07,159.668415841584,1441,181,1362,277,"29472","20","0"
2021-01-08,185.739603960396,1445,245,1230,281,"37158","25","0"
2021-01-09,181.556336633663,944,143,885,171,"11217","9","0"
2021-01-10,181.158514851485,729,118,286,151,"6009","7","0"
2021-01-11,177.123564356436,1289,208,687,310,"39950","30","0"
2021-01-12,173.969702970297,1660,258,1362,362,"62151","25","0"
2021-01-13,173.159900990099,1588,208,1290,232,"65133","51","0"
2021-01-14,174.555148514851,1691,206,1143,283,"83113","197","0"
2021-01-15,177.196138613861,1634,249,1303,288,"69017","81","0"
2021-01-16,178.25396039604,1199,188,1007,196,"20217","72","0"
2021-01-17,178.459207920792,698,136,291,141,"10988","50","0"
2021-01-18,183.119900990099,1666,254,882,404,"85915","175","0"
2021-01-19,186.930693069307,1995,315,1622,373,"130610","201","0"
2021-01-20,188.920198019802,1911,292,1461,316,"137562","192","0"
2021-01-21,191.668613861386,1759,253,1327,358,"158416","193","0"
2021-01-22,193.858118811881,1861,270,1308,323,"121075","244","0"
2021-01-23,195.27603960396,1174,172,928,231,"38486","75","0"
2021-01-24,195.201089108911,918,175,246,172,"9748","114","0"
2021-01-25,195.873861386139,1773,299,769,449,"78247","1401","0"
2021-01-26,194.304455445545,2006,343,1486,352,"100385","3607","1"
2021-01-27,193.849603960396,1933,318,1441,351,"107259","6319","0"
2021-01-28,193.766930693069,1726,272,1362,348,"124369","16108","0"
2021-01-29,192.994554455446,1823,271,1304,356,"92191","18555","0"
2021-01-30,192.59900990099,1176,192,942,242,"29128","4484","0"
2021-01-31,192.928811881188,816,148,298,195,"5239","1864","0"
2021-02-01,191.651782178218,1750,318,939,456,"53144","22583","0"
2021-02-02,191.732871287129,2189,369,1601,404,"72326","37570","0"
2021-02-03,190.484554455446,1882,275,1592,358,"72316","39671","0"
2021-02-04,187.875346534653,1752,275,1537,360,"82086","54191","0"
2021-02-05,186.116435643564,1719,255,1590,296,"68244","47544","0"
2021-02-06,184.356930693069,1126,168,1147,191,"22990","11245","0"
2021-02-07,183.777821782178,790,160,291,171,"5195","5890","0"
2021-02-08,177.042871287129,1893,356,1043,460,"46849","48385","0"
2021-02-09,171.266336633663,1931,334,1764,439,"66027","77457","0"
2021-02-10,166.648712871287,1525,282,1430,297,"71032","82261","0"
2021-02-11,160.656138613861,1618,269,1673,371,"87297","104652","0"
2021-02-12,155.310297029703,1405,264,1561,320,"79344","75617","0"
2021-02-13,152.994653465347,1085,191,1089,199,"22386","19522","0"
2021-02-14,152.852376237624,651,113,280,167,"5079","7346","0"
2021-02-15,149.704356435644,1431,306,934,413,"38118","76706","0"
2021-02-16,148.461089108911,1857,323,1740,352,"50409","100045","0"
2021-02-17,148.76198019802,1559,311,1525,311,"50546","106445","20"
2021-02-18,151.14198019802,1490,262,1411,272,"69803","122951","0"
2021-02-19,154.220891089109,1543,309,1422,328,"65080","91913","1"
2021-02-20,155.81198019802,1029,195,1076,183,"18596","28604","0"
2021-02-21,156.032673267327,593,141,217,160,"3327","6124","0"
2021-02-22,159.873564356436,1529,274,823,334,"37506","73168","2"
2021-02-23,161.572277227723,1780,345,1575,314,"53790","85159","1"
2021-02-24,162.744158415842,1636,319,1396,278,"60025","82665","1"
2021-02-25,163.283762376238,1454,301,1444,261,"100595","91446","1"
2021-02-26,161.74603960396,1634,303,1488,286,"113484","70768","1"
2021-02-27,161.312079207921,1007,208,938,186,"52122","22379","1"
2021-02-28,161.100396039604,728,164,297,122,"6207","4138","2"
2021-03-01,158.301584158416,1393,347,857,379,"65922","53955","1"
2021-03-02,156.688811881188,1705,366,1541,301,"101403","67092","3"
2021-03-03,155.202772277228,1622,322,1413,326,"116542","65556","0"
2021-03-04,153.885346534653,1538,293,1424,295,"163646","72132","3"
2021-03-05,154.126732673267,1397,324,1255,239,"200944","62779","3"
2021-03-06,155.701881188119,1097,233,998,173,"207976","17510","3"
2021-03-07,155.817821782178,720,187,389,130,"121284","4258","1"
2021-03-08,157.855247524752,1584,381,840,360,"107164","49792","2"
2021-03-09,161.104257425743,1810,421,1471,299,"172469","56244","2"
2021-03-10,164.714950495049,1574,343,1513,266,"179026","57080","5"
2021-03-11,169.301485148515,1609,385,1414,266,"242918","63976","2"
2021-03-12,174.489702970297,1448,306,1262,228,"294852","53397","1"
2021-03-13,178.238415841584,1087,263,968,174,"231427","15267","1"
2021-03-14,179.163663366337,821,188,351,140,"63357","3138","1"
2021-03-15,189.84495049505,1676,401,824,333,"158680","31673","3"
2021-03-16,197.823168316832,2005,435,1622,320,"141584","38931","6"
2021-03-17,206.065544554455,1745,357,1638,246,"150507","37723","4"
2021-03-18,214.357722772277,1661,382,1297,273,"167854","44444","5"
2021-03-19,222.977722772277,1699,383,1426,297,"230033","36838","2"
2021-03-20,227.002673267327,1348,317,955,185,"166708","11415","1"
2021-03-21,227.615445544554,926,196,385,138,"49949","2215","1"
2021-03-22,237.760693069307,1902,471,955,344,"170070","33657","2"
2021-03-23,247.515841584158,2286,488,1669,292,"250415","42396","1"
2021-03-24,256.243366336634,2130,384,1710,248,"256926","43539","0"
2021-03-25,266.160693069307,1860,408,1432,228,"341844","45207","5"
2021-03-26,276.220495049505,2048,476,1480,304,"358829","41854","5"
2021-03-27,282.780693069307,1567,332,1299,194,"195282","16912","1"
2021-03-28,283.332277227723,1017,238,404,131,"59346","4437","3"
2021-03-29,292.440396039604,2099,484,1091,362,"202998","53530","4"
2021-03-30,300.332772277228,2579,569,2011,337,"285505","69919","5"
2021-03-31,304.847920792079,2209,472,1865,304,"263063","73866","4"
2021-04-01,306.900099009901,2035,480,1561,313,"315540","92142","11"
2021-04-02,305.261782178218,2092,505,1614,301,"281366","94372","7"
2021-04-03,304.857623762376,1730,399,1348,187,"141083","62476","6"
2021-04-04,305.011386138614,1224,270,562,185,"46541","18971","2"
2021-04-05,249.317128712871,1219,284,448,197,"63353","10502","11"
2021-04-06,264.123663366337,2459,632,1273,409,"217245","112323","17"
2021-04-07,264.867524752475,3131,673,2388,433,"260291","115284","17"
2021-04-08,263.897722772277,2156,498,2116,345,"337879","122766","14"
2021-04-09,263.897326732673,2120,498,1986,301,"410190","116731","49"
2021-04-10,264.065742574257,1649,388,1481,210,"212644","82846","15"
2021-04-11,264.076831683168,1305,286,656,178,"56152","34187","7"
2021-04-12,314.406237623762,2172,492,1168,385,"237094","115708","46"
2021-04-13,290.443069306931,2501,555,2153,324,"309517","144237","98"
2021-04-14,281.430099009901,2072,441,2115,297,"294564","139669","215"
2021-04-15,274.005841584158,2062,501,1899,300,"337143","149986","340"
2021-04-16,267.02504950495,2044,463,1900,309,"339323","146782","354"
2021-04-17,262.581683168317,1471,359,1380,189,"188678","89983","109"
2021-04-18,262.092673267327,1111,233,488,140,"51626","35439","47"
2021-04-19,256.386237623762,2066,502,1170,449,"205724","138223","456"
2021-04-20,251.774554455446,2404,601,2074,375,"254449","171700","569"
2021-04-21,248.651881188119,2095,476,1886,316,"253297","169778","836"
2021-04-22,244.639801980198,1878,478,1881,285,"287592","190080","818"
2021-04-23,240.571782178218,1932,436,1783,309,"297752","184345","747"
2021-04-24,236.990594059406,1368,348,1449,220,"190466","111914","252"
2021-04-25,235.881287128713,881,218,527,145,"69567","38821","51"
2021-04-26,227.235049504951,1944,470,1218,400,"220982","158011","563"
2021-04-27,219.587326732673,2109,484,2042,338,"284631","187825","941"
2021-04-28,210.661188118812,1708,349,1726,324,"299541","184321","1426"
2021-04-29,201.908910891089,1711,392,1767,321,"357170","197741","1280"
2021-04-30,194.123564356436,1433,323,1698,271,"372238","185723","1123"
2021-05-01,176.103267326733,1246,310,1356,195,"167656","52488","179"
2021-05-02,176.058316831683,798,173,467,113,"91760","37835","83"
2021-05-03,169.369504950495,1495,386,997,311,"288948","166254","843"
2021-05-04,163.022772277228,1591,355,1822,243,"315710","225244","1235"
2021-05-05,156.538118811881,1459,312,1935,245,"327235","226038","1315"
2021-05-06,150.755148514851,1151,273,1604,222,"379555","240690","1634"
2021-05-07,144.656237623762,1140,269,1560,227,"372786","258306","1223"
2021-05-08,144.42297029703,844,191,1184,176,"222171","70482","299"
2021-05-09,143.635742574257,527,124,409,116,"129712","45026","243"
2021-05-10,136.553762376238,1125,265,931,293,"313408","229424","1237"
2021-05-11,131.980792079208,1239,285,1588,236,"403931","258155","1566"
2021-05-12,130.422277227723,965,217,1512,185,"434146","233660","1543"
2021-05-13,111.115247524752,618,139,1072,131,"338621","56604","432"
2021-05-14,110.31495049505,733,152,777,173,"454157","167430","1126"
2021-05-15,117.593168316832,580,134,914,112,"374993","94300","444"
2021-05-16,116.944257425743,416,102,315,81,"202762","20684","168"
2021-05-17,111.806237623762,871,204,869,196,"376132","148788","1555"
2021-05-18,110.361683168317,996,247,1460,187,"460179","153860","1990"
2021-05-19,107.316237623762,712,168,1252,141,"467425","143090","2464"
2021-05-20,120.668415841584,709,202,1146,137,"507562","160258","2339"
2021-05-21,114.168712871287,625,139,1009,111,"489693","175032","1996"
2021-05-22,112.516534653465,468,115,797,89,"347208","80157","670"
2021-05-23,112.028217821782,324,73,296,70,"161700","14248","246"
2021-05-24,89.2314851485148,260,66,212,62,"263204","33132","604"
2021-05-25,91.2853465346535,796,205,842,199,"400291","190218","2355"
2021-05-26,88.9971287128713,671,181,1304,144,"413475","190376","2225"
2021-05-27,87.129603960396,499,127,988,146,"449831","219729","2163"
2021-05-28,84.7265346534653,539,155,1092,105,"429571","260734","1894"
2021-05-29,83.0991089108911,334,93,675,71,"298996","150220","585"
2021-05-30,82.9081188118812,199,43,224,44,"107147","32517","164"
2021-05-31,94.7883168316832,529,140,570,126,"358050","203383","1471"
2021-06-01,82.9562376237624,596,145,926,137,"431064","251266","1967"
2021-06-02,77.2024752475247,491,106,824,96,"420129","232165","1985"
2021-06-03,71.7541584158416,458,94,742,71,"465640","257774","1825"
2021-06-04,66.2778217821782,408,91,770,81,"456267","305562","1734"
2021-06-05,63.0091089108911,267,62,474,58,"304813","189359","653"
2021-06-06,62.2356435643564,154,52,137,25,"133320","49048","226"
2021-06-07,56.2615841584158,383,97,501,66,"340000","261557","1526"
2021-06-08,52.3517821782178,405,106,668,72,"393907","291251","1804"
2021-06-09,47.7359405940594,391,94,775,65,"384892","274247","1733"
2021-06-10,43.2084158415842,297,74,649,68,"404207","287493","1726"
2021-06-11,39.4959405940594,313,66,621,69,"386677","356613","1467"
2021-06-12,37.0673267326733,198,48,374,34,"283278","211055","496"
2021-06-13,36.6574257425743,111,26,100,13,"104891","73852","204"
2021-06-14,32.0612871287129,325,71,373,63,"240850","354376","1427"
2021-06-15,28.9592079207921,300,69,670,76,"308183","384727","1574"
2021-06-16,26.7294059405941,198,39,531,45,"313993","357499","1418"
2021-06-17,25.2249504950495,225,46,559,56,"317700","372928","1430"
2021-06-18,23.4846534653465,171,53,484,50,"321761","442582","1340"
2021-06-19,22.4268316831683,102,24,273,22,"224351","273930","449"
2021-06-20,22.3329702970297,51,15,53,14,"74443","102358","129"
2021-06-21,20.5653465346535,216,48,301,40,"195785","401657","1038"
2021-06-22,19.5486138613861,181,47,450,52,"223213","467582","1266"
2021-06-23,18.7260396039604,167,42,402,33,"234050","439987","1197"
2021-06-24,18.0793069306931,140,27,459,45,"241877","409613","1359"
2021-06-25,17.3947524752475,148,39,322,33,"227652","522886","1401"
2021-06-26,17.2572277227723,81,14,227,12,"153271","370892","587"
2021-06-27,17.2185148514851,42,13,61,17,"55907","156016","169"
2021-06-28,17.2435643564356,176,41,259,44,"154794","452598","1177"
2021-06-29,17.4270297029703,134,29,316,28,"182728","507465","2123"
2021-06-30,18.260198019802,158,31,301,25,"204023","485066","2014"
2021-07-01,18.9780198019802,109,30,298,29,"231415","458299","2224"
2021-07-02,20.0022772277228,118,17,287,24,"228697","520074","2120"
2021-07-03,21.1142574257426,79,17,181,17,"142046","368741","908"
2021-07-04,21.4479207920792,41,12,30,9,"56758","141035","265"
2021-07-05,23.6877227722772,137,30,201,36,"168524","418799","1668"
2021-07-06,25.5276237623762,149,30,283,35,"196784","474543","1830"
2021-07-07,27.7859405940594,140,30,204,28,"213214","439069","1879"
2021-07-08,30.0821782178218,100,26,232,25,"231657","424150","2089"
2021-07-09,33.1391089108911,147,30,230,18,"228623","511048","2185"
2021-07-10,34.8906930693069,101,9,172,19,"148626","339900","986"
2021-07-11,35.4775247524752,23,4,19,4,"60206","110074","283"
2021-07-12,41.1817821782178,267,55,272,28,"169430","477891","1763"
2021-07-13,48.0473267326733,246,37,278,22,"287269","526858","2049"
2021-07-14,45.1781188118812,115,19,137,6,"181110","157453","435"
2021-07-15,57.419702970297,213,36,176,16,"347111","501825","2099"
2021-07-16,67.2862376237624,220,33,282,22,"380115","495276","2023"
2021-07-17,75.420396039604,114,21,147,16,"259739","319684","877"
2021-07-18,77.7053465346535,54,9,30,5,"109729","114599","310"
2021-07-19,96.2588118811881,360,76,235,20,"285500","424182","1630"
2021-07-20,112.049801980198,327,61,413,33,"376929","451525","1723"
2021-07-21,138.505049504951,281,64,285,22,"395817","407146","1549"
2021-07-22,148.129306930693,292,59,307,11,"441061","387492","1715"
2021-07-23,161.775148514851,330,69,310,26,"440337","422289","1883"
2021-07-24,169.90900990099,182,35,174,22,"285256","269354","804"
2021-07-25,171.367326732673,92,16,32,6,"121116","79934","234"
2021-07-26,186.40900990099,607,135,312,45,"347435","322408","1614"
2021-07-27,193.919504950495,557,121,458,28,"464080","319490","1698"
2021-07-28,198.678514851485,490,91,375,40,"459447","289476","1636"
2021-07-29,204.442772277228,501,91,416,29,"489842","276294","1796"
2021-07-30,207.64099009901,640,165,445,60,"461839","302483","1941"
2021-07-31,207.888514851485,467,91,365,43,"285406","185040","915"
2021-08-01,208.488613861386,312,69,109,18,"112036","49926","253"
2021-08-02,211.008910891089,688,170,376,51,"341634","234139","1602"
2021-08-03,213.20495049505,818,218,608,57,"398622","244579","1728"
2021-08-04,215.876237623762,772,157,533,53,"384866","209627","1593"
2021-08-05,218.59603960396,712,150,598,52,"366180","228445","1711"
2021-08-06,221.913267326733,862,165,615,60,"359738","271313","1835"
2021-08-07,224.581287128713,482,136,389,32,"213126","178334","756"
2021-08-08,225.625940594059,498,117,204,30,"74194","63190","276"
2021-08-09,229.049207920792,833,230,407,68,"258764","258775","1548"
2021-08-10,233.075643564356,944,211,717,68,"306874","277257","1663"
2021-08-11,235.322871287129,773,158,616,54,"279751","259663","1441"
2021-08-12,237.625643564356,894,191,566,77,"271554","278146","1665"
2021-08-13,237.120693069307,836,188,681,74,"252163","278089","1594"
2021-08-14,238.203069306931,606,118,449,51,"145352","197118","740"
2021-08-15,237.939900990099,399,73,193,44,"39392","50105","218"
2021-08-16,235.9,950,178,498,97,"186187","317616","1542"
2021-08-17,231.127326732673,1075,245,853,111,"215695","335954","1636"
2021-08-18,225.343267326733,1036,299,809,112,"199059","324459","1598"
2021-08-19,217.940693069307,976,186,778,127,"192038","325492","1641"
2021-08-20,212.971485148515,887,214,682,83,"186473","366270","1820"
2021-08-21,208.040396039604,805,165,674,146,"104804","238120","708"
2021-08-22,206.512277227723,542,103,228,96,"31944","87214","256"
2021-08-23,198.211485148515,943,235,447,108,"140982","357049","1561"
2021-08-24,191.54504950495,1145,214,871,153,"162503","376692","1850"
2021-08-25,184.079702970297,883,182,701,93,"151148","350788","2033"
2021-08-26,177.32297029703,741,191,692,110,"142881","342763","2561"
2021-08-27,170.189900990099,908,194,750,95,"148454","388278","2790"
2021-08-28,165.591881188119,465,119,493,75,"90668","249609","1407"
2021-08-29,164.494158415842,311,71,206,53,"27321","83352","518"
2021-08-30,153.674851485149,725,159,446,98,"117423","324628","4713"
2021-08-31,145.854158415842,941,218,931,136,"128819","334490","10188"
2021-09-01,140.508415841584,742,187,641,85,"136144","285680","22433"
2021-09-02,133.687722772277,648,143,719,104,"114657","247212","26518"
2021-09-03,126.56504950495,624,159,631,95,"118314","292662","29965"
2021-09-04,123.039306930693,424,124,487,85,"89889","217782","12585"
2021-09-05,122.203069306931,227,60,177,49,"21359","44820","4395"
2021-09-06,114.487623762376,661,187,444,103,"75688","180574","31955"
2021-09-07,108.448316831683,761,200,736,120,"80311","181207","33246"
2021-09-08,102.026930693069,595,174,695,100,"90998","206070","29666"
2021-09-09,97.6839603960396,554,139,554,104,"76951","165341","33078"
2021-09-10,93.4780198019802,505,135,612,81,"96040","203794","35740"
2021-09-11,90.1860396039604,322,91,367,47,"67166","169313","12140"
2021-09-12,89.3294059405941,187,34,159,29,"12826","32102","2780"
2021-09-13,82.8808910891089,446,116,381,86,"64565","126214","41241"
2021-09-14,78.3274257425742,577,137,708,94,"73493","129043","56377"
2021-09-15,75.1938613861386,452,119,540,79,"76647","167785","55668"
2021-09-16,72.0927722772277,382,103,570,65,"63886","114524","60096"
2021-09-17,68.9981188118812,371,81,520,66,"75086","156834","53857"
2021-09-18,67.0212871287129,243,68,350,42,"48234","139638","15600"
2021-09-19,66.4460396039604,113,33,108,28,"7908","23667","2439"
2021-09-20,62.6694059405941,373,114,336,91,"44573","93789","50084"
2021-09-21,60.0377227722772,503,136,577,152,"45903","98402","62761"
2021-09-22,57.5661386138614,361,68,463,59,"48685","142390","55373"
2021-09-23,55.9550495049505,301,71,412,63,"43288","92081","62399"
2021-09-24,54.5031683168317,296,72,371,49,"52311","133311","54563"
2021-09-25,53.6359405940594,196,54,287,29,"35219","115634","16276"
2021-09-26,53.4218811881188,89,35,60,14,"5556","17804","2272"
2021-09-27,52.1490099009901,343,94,279,74,"33979","76925","47203"
2021-09-28,51.2873267326733,304,79,398,60,"36520","75240","54974"
2021-09-29,50.0876237623762,254,52,291,42,"44421","100743","53366"
2021-09-30,48.5520792079208,238,58,340,56,"36343","72968","57040"
2021-10-01,46.8593069306931,214,48,312,47,"61707","102875","57823"
2021-10-02,45.5049504950495,141,33,212,31,"39469","78439","20964"
2021-10-03,45.3686138613861,76,19,54,9,"5286","10495","2533"
2021-10-04,43.5543564356436,283,71,246,50,"35195","58499","52626"
2021-10-05,42.5754455445545,290,75,436,62,"33926","64381","61024"
2021-10-06,41.5185148514852,202,40,225,34,"42720","79298","65758"
2021-10-07,41.2262376237624,194,47,272,35,"30569","62266","65433"
2021-10-08,40.8920792079208,218,52,274,38,"49476","91924","77767"
2021-10-09,41.0819801980198,128,26,211,17,"33677","60923","31546"
2021-10-10,40.9416831683168,91,17,54,8,"4720","7432","3195"
2021-10-11,41.2813861386139,226,58,193,30,"30729","49925","61045"
2021-10-12,41.7729702970297,254,68,285,53,"31639","54499","70624"
2021-10-13,42.7572277227723,219,58,225,27,"40159","62826","74436"
2021-10-14,44.3359405940594,206,44,232,38,"30360","52886","68771"
2021-10-15,44.3019801980198,215,43,229,34,"44949","75245","93244"
2021-10-16,44.1439603960396,109,25,125,15,"31329","44101","36697"
2021-10-17,44.1645544554455,71,18,50,5,"3891","5232","3601"
2021-10-18,44.4733663366337,277,67,210,41,"29187","42370","67506"
2021-10-19,45.0519801980198,286,63,221,39,"27190","45571","76415"
2021-10-20,46.5094059405941,263,44,249,21,"35340","52428","96947"
2021-10-21,47.0838613861386,273,59,245,35,"26162","45184","83978"
2021-10-22,49.3251485148515,203,58,237,30,"38446","62500","104916"
2021-10-23,50.9754455445545,184,42,203,23,"27030","41210","45463"
2021-10-24,51.260495049505,63,21,34,4,"2945","4774","3684"
2021-10-25,52.3239603960396,269,74,197,42,"26098","36245","82342"
2021-10-26,53.4687128712871,316,112,236,38,"23766","35031","87269"
2021-10-27,54.2562376237624,283,61,193,34,"30106","46340","109014"
2021-10-28,54.8444554455446,271,58,192,33,"23605","34946","88730"
2021-10-29,56.7450495049505,283,67,255,27,"31579","51481","117334"
2021-10-30,59.0921782178218,176,44,157,22,"20571","33225","50358"
2021-10-31,59.700495049505,105,20,42,12,"2517","3737","3593"
2021-11-01,51.7665346534653,103,28,31,6,"8527","4864","3218"
2021-11-02,59.9541584158416,416,126,283,75,"26373","40107","93596"
2021-11-03,63.6050495049505,447,95,308,39,"30123","47934","118912"
2021-11-04,67.1072277227723,334,81,328,47,"23816","37505","107587"
2021-11-05,70.7631683168317,334,82,282,28,"32404","52963","141660"
2021-11-06,73.3871287128713,190,55,232,25,"21546","34564","64891"
2021-11-07,73.7379207920792,100,20,41,10,"2425","4175","5202"
2021-11-08,92.0111881188119,483,121,263,55,"20626","37765","127216"
2021-11-09,91.0237623762376,409,99,369,49,"22438","44691","161719"
2021-11-10,95.3846534653465,397,93,301,33,"31611","54959","187040"
2021-11-11,86.0292079207921,212,35,146,17,"4742","6762","12988"
2021-11-12,97.2622772277228,362,98,219,48,"29095","55095","183805"
2021-11-13,101.136435643564,234,64,198,20,"20353","32615","80721"
2021-11-14,102.348514851485,125,26,49,17,"2363","3871","7179"
2021-11-15,115.476138613861,631,144,293,70,"20512","38627","160887"
2021-11-16,126.476732673267,647,135,410,48,"23660","43929","200448"
2021-11-17,137.427128712871,525,107,345,50,"30536","50284","199883"
2021-11-18,164.19702970297,522,119,341,57,"23449","45684","191719"
2021-11-19,171.973465346535,563,129,346,57,"33688","61334","243256"
2021-11-20,180.814257425743,269,40,212,24,"25414","36681","102179"
2021-11-21,182.162673267327,158,27,78,15,"2659","4463","9670"
2021-11-22,200.177722772277,865,188,464,94,"22817","33179","180413"
2021-11-23,216.056732673267,759,192,456,84,"25726","45521","229454"
2021-11-24,233.804059405941,770,137,424,80,"31816","53687","224872"
2021-11-25,252.141485148515,778,139,502,73,"25649","49190","255984"
2021-11-26,271.685148514852,744,176,481,60,"33258","74776","379536"
2021-11-27,284.859405940594,388,102,259,34,"23507","49641","214948"
2021-11-28,287.482277227723,224,42,93,23,"3524","10495","56772"
2021-11-29,316.365148514852,1043,253,420,103,"19440","54128","341526"
2021-11-30,339.340891089109,1187,271,670,114,"24779","71927","457439"
2021-12-01,358.789306930693,992,215,586,93,"27374","75679","469161"
2021-12-02,379.778217821782,950,193,600,103,"22103","71719","527185"
2021-12-03,398.060495049505,1153,281,681,114,"25561","92997","596460"
2021-12-04,410.1,694,119,401,49,"18321","60459","336267"
2021-12-05,412.576831683168,369,70,150,29,"4155","16155","95801"
2021-12-06,433.248217821782,1424,307,659,192,"28427","72873","493205"
2021-12-07,447.14702970297,1665,408,843,168,"23540","91375","645470"
2021-12-08,458.019504950495,1288,276,807,129,"25502","92130","591679"
2021-12-09,462.871782178218,1250,243,797,130,"24063","94186","663195"
2021-12-10,465.127425742574,1293,250,856,142,"28058","111061","736127"
2021-12-11,466.061188118812,787,176,481,66,"20251","76162","435220"
2021-12-12,467.519207920792,472,111,222,48,"5660","23183","142331"
2021-12-13,471.824653465347,1505,379,778,231,"21357","90914","587736"
2021-12-14,473.313465346535,1662,362,1182,158,"27981","118430","765682"
2021-12-15,475.077920792079,1453,274,1028,153,"28444","114386","694414"
2021-12-16,476.287128712871,1342,248,1068,166,"28036","115840","764115"
2021-12-17,478.770099009901,1449,301,1014,163,"31649","128500","807937"
2021-12-18,481.015148514851,816,190,743,86,"24937","81640","470010"
2021-12-19,483.482079207921,485,91,244,75,"8759","28635","169418"
2021-12-20,487.014752475248,1466,340,857,225,"31755","97333","591551"
2021-12-21,505.622871287129,1661,357,1267,212,"39459","112131","682479"
2021-12-22,537.84099009901,1404,322,1160,170,"39557","99373","575818"
2021-12-23,583.719504950495,1347,323,1237,179,"33782","79556","441045"
2021-12-24,624.483861386139,1398,316,1105,169,"10696","26102","111039"
2021-12-25,592.526534653465,760,160,674,84,"777","3595","7596"
2021-12-26,613.297425742574,506,93,192,96,"4697","11890","52104"
2021-12-27,776.740792079208,1634,328,805,256,"30509","84041","453586"
2021-12-28,928.376534653465,2110,417,1305,242,"38369","98981","564192"
2021-12-29,1086.56475247525,1949,363,1311,185,"39878","88343","501236"
2021-12-30,1249.60089108911,1922,299,1239,180,"35924","75196","421049"
2021-12-31,1387.67910891089,1928,320,1301,189,"12049","25129","116886"
2022-01-01,1402.32168316832,1102,197,860,111,"1577","3217","8523"
2022-01-02,1439.28108910891,652,101,310,91,"6116","13018","58429"
2022-01-03,1712.40069306931,2160,352,1305,272,"37927","90262","494849"
2022-01-04,1900.35801980198,2881,460,1996,297,"42069","111115","641414"
2022-01-05,2024.12702970297,2483,396,1701,246,"61168","103709","569208"
2022-01-06,2106.34950495049,2401,410,1696,206,"44293","110382","638994"
2022-01-07,2206.98693069307,2308,358,1640,193,"50827","123428","711015"
2022-01-08,2422.80376237624,1485,243,1235,143,"45009","80319","423818"
2022-01-09,2436.19099009901,842,151,465,91,"15612","26650","128567"
2022-01-10,2447.6499009901,2543,380,1446,281,"35393","93388","469346"
2022-01-11,2443.78287128713,3149,492,2247,270,"41932","100550","548269"
2022-01-12,2492.39,2806,381,1995,249,"60404","95794","452702"
2022-01-13,2536.17653465347,2513,334,1990,227,"38262","92597","487363"
2022-01-14,2612.93891089109,2486,310,1938,196,"42578","103424","568624"
2022-01-15,2684.00178217822,1690,218,1475,148,"39421","65939","340143"
2022-01-16,2712.85148514851,1029,119,578,98,"11411","19248","87432"
2022-01-17,2875.74138613861,2815,355,1587,298,"24739","60095","320288"
2022-01-18,3008.3099009901,3509,367,2444,289,"28325","68753","361098"
2022-01-19,3139.32217821782,3187,330,2230,232,"43220","67103","281305"
2022-01-20,3267.61405940594,3053,301,2092,251,"23664","59661","299024"
2022-01-21,3368.27138613861,3077,329,2256,235,"28205","68861","366382"
2022-01-22,3436.08663366337,1994,214,1706,167,"27624","48010","218794"
2022-01-23,3451.07148514851,1094,143,639,115,"6738","12985","48680"
2022-01-24,3552.15217821782,3353,337,1993,393,"16271","47499","217324"
2022-01-25,3565.65851485149,3842,380,2989,364,"19029","54387","243065"
2022-01-26,3544.39089108911,3297,341,2581,258,"28147","60538","209291"
2022-01-27,3501.32633663366,3095,316,2433,273,"16334","46441","207649"
2022-01-28,3453.20099009901,3098,321,2523,264,"21586","78750","290064"
2022-01-29,3402.46504950495,1911,189,1715,178,"18419","52886","184131"
2022-01-30,3380.15712871287,1090,115,687,127,"4476","14492","39142"
2022-01-31,3242.61732673267,3147,334,1956,348,"11257","43957","148206"
2022-02-01,3109.80504950495,3917,454,2940,382,"13633","48352","174127"
2022-02-02,2973.32287128713,3230,366,3031,277,"20631","66359","171538"
2022-02-03,2832.81445544554,3091,310,2404,280,"11506","44809","157564"
2022-02-04,2675.53683168317,4033,402,3524,355,"14625","66753","239255"
2022-02-05,2561.84297029703,1816,225,1759,172,"12897","51474","153555"
2022-02-06,2519.77168316832,902,106,596,129,"2725","12177","28893"
2022-02-07,2247.9896039604,2830,328,2017,417,"9585","46679","156887"
2022-02-08,2053.44257425743,3060,320,2796,363,"9801","43092","166640"
2022-02-09,1874.8702970297,2614,296,2796,255,"14373","58248","172346"
2022-02-10,1721.13584158416,2420,288,2541,310,"8718","39177","150236"
2022-02-11,1581.61405940594,2377,245,2578,269,"10857","55677","218505"
2022-02-12,1486.12247524752,1329,156,1570,161,"8404","40956","134724"
2022-02-13,1458.86475247525,697,90,475,107,"1930","8601","26564"
2022-02-14,1282.86267326733,2215,311,1907,388,"6989","35249","148378"
2022-02-15,1176.37544554455,2454,291,2561,304,"7064","36223","146983"
2022-02-16,1083.81841584158,1975,207,2215,244,"9409","42976","132538"
2022-02-17,1008.35465346535,1882,228,2353,259,"5578","24328","87304"
2022-02-18,942.471881188119,1795,196,2161,273,"6993","33578","119665"
2022-02-19,900.305841584158,978,127,1370,148,"5368","24553","70028"
2022-02-20,887.391188118812,495,67,403,79,"1147","4656","12174"
2022-02-21,811.627227722772,1570,210,1540,283,"4094","17885","61956"
2022-02-22,763.60099009901,1834,206,2320,286,"4458","18656","60835"
2022-02-23,721.040396039604,1592,177,2040,213,"6590","27357","66496"
2022-02-24,683.683465346535,1352,150,1884,197,"3849","15528","50424"
2022-02-25,647.619702970297,1285,111,1716,188,"5281","24070","76360"
2022-02-26,623.867722772277,712,62,835,93,"3990","17767","47416"
2022-02-27,617.899702970297,384,59,319,52,"880","3009","8035"
2022-02-28,586.155940594059,1210,163,1166,232,"3123","12550","40485"
2022-03-01,570.836534653465,1330,218,1750,200,"3999","12605","44195"
2022-03-02,560.823663366337,1249,153,1651,165,"5325","17794","47138"
2022-03-03,559.683366336634,1037,100,1503,167,"2818","9347","29894"
2022-03-04,559.830198019802,1012,104,1378,162,"3223","12440","40308"
2022-03-05,565.245643564356,542,55,877,109,"3071","9281","24955"
2022-03-06,568.592178217822,256,28,167,32,"520","1399","3198"
2022-03-07,590.926138613861,1274,153,1116,173,"2336","5626","18431"
2022-03-08,609.13603960396,1312,125,1405,173,"2141","6075","19447"
2022-03-09,630.38,1147,120,1383,136,"3578","10498","22183"
2022-03-10,651.296336633663,1122,121,1200,100,"1822","5824","16994"
2022-03-11,676.719504950495,1099,119,1225,134,"2414","7556","24500"
2022-03-12,695.98702970297,577,57,668,52,"2681","6775","17161"
2022-03-13,700.135445544554,285,27,194,29,"402","791","2324"
2022-03-14,751.298613861386,1318,118,1132,162,"1547","4273","14981"
2022-03-15,788.264455445545,1553,141,1385,146,"1742","6295","16377"
2022-03-16,826.415544554455,1313,97,1290,145,"3034","7404","19425"
2022-03-17,864.656930693069,1164,100,1205,110,"1453","3985","13144"
2022-03-18,901.108217821782,1182,118,1161,108,"2270","5755","20004"
2022-03-19,928.314851485149,620,51,637,59,"2293","4803","13115"
2022-03-20,933.981683168317,323,30,163,27,"300","734","1918"
2022-03-21,1017.30554455446,1401,124,1088,162,"1392","3217","12719"
2022-03-22,1080.96148514851,1562,147,1350,146,"1514","3735","13797"
2022-03-23,1143.09287128713,1373,109,1355,91,"2683","6288","17723"
2022-03-24,1199.19118811881,1338,101,1216,112,"1405","3156","11593"
2022-03-25,1252.76910891089,1488,117,1387,112,"2082","5155","18569"
2022-03-26,1284.9895049505,619,54,643,59,"2230","4412","12078"
2022-03-27,1288.48247524752,292,32,191,25,"360","693","1908"
2022-03-28,1340.09742574257,1694,174,1047,151,"1464","3072","11125"
2022-03-29,1370.33287128713,1892,154,1495,137,"1454","3269","12905"
2022-03-30,1388.47900990099,1892,152,1346,132,"2852","5501","15683"
2022-03-31,1393.58495049505,1763,160,1405,121,"1611","3563","12981"
2022-04-01,1382.81762376238,1682,148,1397,125,"2677","4582","20072"
2022-04-02,1369.94277227723,969,77,848,58,"1530","2641","9047"
2022-04-03,1367.29871287129,347,37,178,24,"290","513","1561"
2022-04-04,1345.81594059406,2021,177,1272,147,"2514","2882","12369"
2022-04-05,1334.39257425743,2052,199,1695,140,"2382","3156","14338"
2022-04-06,1327.81544554455,1948,164,1836,116,"2513","3941","13537"
2022-04-07,1331.29910891089,1760,135,1381,98,"1721","3127","13673"
2022-04-08,1347.96247524752,1903,160,1622,124,"2112","4253","19220"
2022-04-09,1356.56584158416,1103,69,938,74,"1366","2678","9312"
2022-04-10,1354.72881188119,401,47,216,28,"293","733","1982"
2022-04-11,1336.9900990099,2099,171,1315,176,"1316","2609","11865"
2022-04-12,1318.10247524752,2619,269,1938,156,"1702","3044","14012"
2022-04-13,1288.79336633663,2069,179,1860,134,"1967","3702","13406"
2022-04-14,1256.0403960396,1836,189,1644,123,"1492","2942","13211"
2022-04-15,1212.07287128713,1953,209,1711,143,"1862","3702","15629"
2022-04-16,1186.13485148515,885,63,840,45,"1041","1828","6398"
2022-04-17,1180.64217821782,315,38,251,29,"193","337","992"
2022-04-18,916.364851485149,341,34,220,44,"196","529","2765"
2022-04-19,956.584653465347,2195,203,1714,181,"1536","3010","12915"
2022-04-20,902.910693069307,2537,261,2343,221,"1995","3458","13302"
2022-04-21,849.894653465347,1842,181,1820,167,"1512","2850","12545"
2022-04-22,806.406435643564,1829,153,1832,139,"1863","3612","16473"
2022-04-23,768.854356435643,916,69,893,59,"1144","2062","7384"
2022-04-24,760.78900990099,372,35,285,33,"250","461","1475"
2022-04-25,879.267524752475,1835,198,1540,196,"1302","2532","10680"
2022-04-26,730.267722772277,1932,202,2021,167,"1622","3002","13662"
2022-04-27,675.98396039604,1580,168,1696,147,"1962","3059","11535"
2022-04-28,626.837227722772,1403,155,1570,116,"1566","2764","12525"
2022-04-29,583.142079207921,1326,141,1744,149,"2006","4802","15548"
2022-04-30,554.840495049505,558,45,751,52,"1214","2354","6925"
2022-05-01,549.467425742574,208,19,157,22,"218","323","914"
2022-05-02,503.300396039604,1442,139,1379,178,"1966","2937","11149"
2022-05-03,476.678415841584,1463,142,1664,123,"1953","3258","13716"
2022-05-04,453.699504950495,991,98,1397,102,"1907","3289","12180"
2022-05-05,434.962871287129,1116,117,1426,123,"1766","2955","13046"
2022-05-06,416.569900990099,939,102,1334,104,"2209","3653","15345"
2022-05-07,404.421782178218,1225,116,1465,59,"1204","1779","6461"
2022-05-08,402.645544554455,193,24,164,43,"267","399","1172"
2022-05-09,383.134554455445,1029,115,1007,133,"1365","2298","9924"
2022-05-10,370.674257425743,1167,141,1361,122,"1770","3327","13572"
2022-05-11,358.497227722772,993,94,1236,87,"1992","3007","10745"
2022-05-12,346.685049504951,830,91,1121,84,"1587","2710","11371"
2022-05-13,335.834752475248,756,77,1127,94,"1973","3214","13751"
2022-05-14,326.91495049505,387,42,691,63,"1148","1636","5937"
2022-05-15,325.231188118812,145,13,94,14,"280","473","1278"
2022-05-16,303.309306930693,900,94,962,125,"1193","2035","8684"
2022-05-17,289.221881188119,883,106,1226,90,"1586","2595","11818"
2022-05-18,275.96702970297,675,67,990,80,"1810","2648","9686"
2022-05-19,263.778118811881,591,69,871,64,"1442","2649","10572"
2022-05-20,251.318514851485,591,62,912,62,"1873","3111","13418"
2022-05-21,242.831089108911,283,35,445,42,"1158","1705","5660"
2022-05-22,240.59495049505,83,5,65,8,"238","341","1027"
2022-05-23,221.968316831683,630,79,683,82,"1172","2117","8876"
2022-05-24,210.033168316832,666,87,841,88,"1537","2755","11358"
2022-05-25,200.452871287129,584,59,907,47,"1812","2829","9341"
2022-05-26,171.479108910891,283,45,365,28,"209","421","1661"
2022-05-27,174.95900990099,404,35,571,44,"1382","2465","9258"
2022-05-28,173.873366336634,163,30,297,23,"668","1263","3915"
2022-05-29,174.283663366337,73,6,60,13,"157","315","751"
2022-05-30,179.925742574257,635,79,689,86,"1024","1951","6993"
2022-05-31,185.597326732673,626,79,903,76,"1489","2497","9816"
2022-06-01,192.393069306931,459,45,671,56,"1725","3091","11017"
2022-06-02,221.41,453,55,616,41,"1474","2607","11303"
2022-06-03,220.991881188119,390,51,560,35,"1724","3065","13388"
2022-06-04,226.151683168317,217,35,320,31,"970","1515","5042"
2022-06-05,228.029108910891,79,8,59,7,"176","333","875"
2022-06-06,189.561881188119,78,7,51,9,"476","1177","2116"
2022-06-07,231.693465346535,715,76,650,74,"1389","2693","9849"
2022-06-08,248.817326732673,764,84,742,78,"1557","2695","9163"
2022-06-09,264.014653465347,597,63,587,39,"1287","2434","10614"
2022-06-10,277.000693069307,483,63,587,38,"1626","2983","13074"
2022-06-11,287.188415841584,322,43,265,18,"957","1736","5434"
2022-06-12,289.184158415842,86,4,52,5,"197","441","1072"
2022-06-13,366.970891089109,663,71,532,67,"1085","2055","7429"
2022-06-14,355.66900990099,682,66,668,57,"1314","2515","10447"
2022-06-15,371.447722772277,588,75,685,47,"1508","2445","9318"
2022-06-16,386.607524752475,599,71,547,48,"1179","2030","9907"
2022-06-17,404.488712871287,659,63,630,43,"1485","2840","12470"
2022-06-18,417.99,302,31,295,19,"853","1522","4563"
2022-06-19,420.804356435644,123,8,55,2,"183","363","1058"
2022-06-20,457.706138613861,908,100,594,46,"1021","1919","8904"
2022-06-21,489.671881188119,829,76,607,56,"1324","2396","10302"
2022-06-22,523.323861386139,1022,93,881,64,"1386","2497","8910"
2022-06-23,559.34,856,60,714,50,"1226","2356","10674"
2022-06-24,596.69900990099,912,99,798,55,"1485","2982","13643"
2022-06-25,626.852178217822,451,29,407,23,"936","1777","6230"
2022-06-26,633.41099009901,154,13,77,9,"229","460","1953"
2022-06-27,705.788514851485,1241,127,724,47,"1128","2015","10492"
2022-06-28,768.076336633663,1289,105,838,37,"1453","2808","14661"
2022-06-29,840.209504950495,1118,106,872,47,"1707","2824","12291"
2022-06-30,904.498415841584,1020,105,840,42,"1524","2702","14388"
2022-07-01,956.489207920792,1206,105,885,51,"1989","3791","21488"
2022-07-02,994.794554455446,639,44,497,30,"1082","1855","8523"
2022-07-03,1003.69910891089,230,17,141,13,"290","538","2091"
2022-07-04,1099.98603960396,1607,146,1108,97,"1653","3226","14696"
2022-07-05,1146.56,1842,158,1354,75,"1709","3117","18826"
2022-07-06,1185.01811881188,1603,127,1099,48,"1818","2766","15848"
2022-07-07,1205.55297029703,1523,122,1211,86,"1707","2864","17994"
2022-07-08,1220.06851485149,1590,126,1290,74,"1886","3143","20748"
2022-07-09,1223.77514851485,788,82,747,34,"865","1454","7737"
2022-07-10,1223.05326732673,268,27,172,15,"263","525","2344"
2022-07-11,1190.14534653465,1795,176,1056,108,"1428","2453","15014"
2022-07-12,1153.20504950495,2389,215,1655,123,"1792","3090","20525"
2022-07-13,1102.44712871287,2002,177,1446,104,"1729","2722","15686"
2022-07-14,941.930396039604,908,72,791,49,"182","366","1952"
2022-07-15,951.077920792079,1343,131,964,103,"1476","2551","15112"
2022-07-16,924.107128712871,910,95,761,60,"617","1176","5946"
2022-07-17,918.938316831683,276,18,138,17,"177","389","1736"
2022-07-18,858.069900990099,2018,195,1451,174,"1130","2240","11820"
2022-07-19,813.014356435644,2310,211,1776,144,"1415","2341","15467"
2022-07-20,767.691188118812,1701,144,1473,108,"1416","2284","12952"
2022-07-21,848.700198019802,1611,161,1613,128,"1280","2158","13083"
2022-07-22,763.849900990099,1552,148,1549,104,"1396","2445","14799"
2022-07-23,735.794257425743,695,55,700,48,"670","1301","5529"
2022-07-24,728.228118811881,226,22,152,19,"183","349","1397"
2022-07-25,657.342475247525,1656,180,1261,132,"1052","1785","9485"
2022-07-26,615.419108910891,1761,188,1770,119,"1287","2204","13298"
2022-07-27,573.932772277228,1414,97,1584,95,"1217","1999","10224"
2022-07-28,533.296336633663,1229,102,1283,104,"1088","1859","10305"
2022-07-29,493.626534653465,1076,111,1232,82,"1281","2043","10988"
2022-07-30,468.596534653465,624,65,725,52,"498","853","3517"
2022-07-31,463.651287128713,166,16,125,16,"151","288","929"
2022-08-01,416.814653465347,1195,130,1046,122,"836","1517","7580"
2022-08-02,388.456633663366,1306,141,1453,104,"1020","1631","8564"
2022-08-03,363.343366336634,1001,92,1316,86,"832","1249","6406"
2022-08-04,342.715148514852,1002,107,1145,87,"728","1179","6565"
2022-08-05,324.618316831683,851,106,1131,83,"849","1354","7087"
2022-08-06,311.649504950495,434,42,539,35,"338","553","2098"
2022-08-07,308.684356435644,109,8,75,10,"102","155","535"
2022-08-08,283.022277227723,995,99,913,109,"558","965","4012"
2022-08-09,267.542574257426,1019,103,1375,115,"684","1133","5963"
2022-08-10,254.191683168317,812,66,1181,87,"629","1109","4653"
2022-08-11,243.016732673267,801,82,927,80,"613","1020","4479"
2022-08-12,232.94603960396,703,82,888,69,"705","1140","4739"
2022-08-13,226.776534653465,295,21,431,36,"211","406","1294"
2022-08-14,226.533267326733,96,12,50,18,"70","120","287"
2022-08-15,177.161485148515,116,14,75,7,"81","178","603"
2022-08-16,194.058514851485,951,110,957,113,"617","1051","3951"
2022-08-17,192.248613861386,979,109,1041,92,"628","1010","3884"
2022-08-18,189.249702970297,739,82,1052,90,"610","975","4084"
2022-08-19,187.089207920792,673,65,892,72,"601","1150","4480"
2022-08-20,185.163564356436,319,34,454,37,"289","490","1352"
2022-08-21,184.279900990099,64,4,47,3,"94","133","299"
2022-08-22,220.116930693069,685,51,624,64,"545","975","3271"
2022-08-23,195.285445544554,660,56,850,88,"710","1170","4292"
2022-08-24,190.290297029703,597,65,664,52,"656","928","3489"
2022-08-25,187.142475247525,520,45,623,43,"621","1008","3930"
2022-08-26,184.627227722772,516,58,628,50,"848","1250","4472"
2022-08-27,182.69702970297,163,19,274,19,"292","495","1377"
2022-08-28,182.093861386139,86,9,53,7,"123","159","303"
2022-08-29,177.99900990099,505,75,626,78,"616","962","3068"
2022-08-30,174.717524752475,621,79,765,72,"842","1205","4787"
2022-08-31,171.928712871287,470,50,625,50,"687","944","3192"
2022-09-01,168.625346534653,474,43,524,39,"717","976","4467"
2022-09-02,164.912574257426,439,40,605,55,"864","1133","5034"
2022-09-03,163.037722772277,126,14,258,12,"415","557","1915"
2022-09-04,162.667326732673,41,3,39,3,"131","149","351"
2022-09-05,162.499900990099,552,49,559,67,"613","688","3128"
2022-09-06,164.078811881188,557,59,645,60,"791","1009","4723"
2022-09-07,166.796930693069,468,96,558,43,"640","763","2993"
2022-09-08,171.116633663366,417,53,594,56,"615","847","3799"
2022-09-09,176.630495049505,356,33,466,31,"830","1006","4425"
2022-09-10,181.745940594059,162,22,196,14,"383","533","1729"
2022-09-11,183.151188118812,44,1,40,4,"122","129","319"
2022-09-12,205.911683168317,518,41,521,47,"485","611","2679"
2022-09-13,226.055544554455,550,63,609,49,"608","829","3981"
2022-09-14,245.645148514851,428,41,481,39,"649","766","2948"
2022-09-15,263.59297029703,475,50,420,37,"552","770","3457"
2022-09-16,278.52702970297,433,40,462,26,"784","1025","4132"
2022-09-17,288.403762376238,191,25,181,9,"384","487","1447"
2022-09-18,288.983663366337,48,3,47,1,"115","138","323"
2022-09-19,304.100198019802,644,48,564,58,"444","629","2251"
2022-09-20,309.636138613861,593,68,596,48,"632","859","3775"
2022-09-21,316.605940594059,483,44,476,32,"575","762","2735"
2022-09-22,324.563762376238,525,56,442,29,"580","816","3397"
2022-09-23,336.221089108911,535,43,453,33,"824","1031","4488"
2022-09-24,347.24900990099,230,26,234,13,"423","607","1637"
2022-09-25,350.517623762376,85,2,36,3,"98","186","335"
2022-09-26,382.984257425743,880,69,457,51,"433","691","2273"
2022-09-27,403.159108910891,1036,90,554,40,"606","830","3621"
2022-09-28,421.75198019802,884,77,599,38,"624","812","2548"
2022-09-29,437.162772277228,851,64,561,32,"561","756","3108"
2022-09-30,449.464356435644,835,75,514,30,"766","1085","3947"
2022-10-01,457.745940594059,401,35,287,17,"410","607","1969"
2022-10-02,459.345841584158,116,8,56,4,"56","130","217"
2022-10-03,484.29099009901,1176,97,651,62,"459","698","2413"
2022-10-04,505.473465346535,1344,99,890,74,"610","767","3376"
2022-10-05,524.646435643564,1218,91,748,41,"540","800","2426"
2022-10-06,544.332772277228,1233,121,700,45,"531","694","3074"
2022-10-07,560.056435643564,1231,81,806,52,"713","971","4121"
2022-10-08,568.20504950495,477,25,377,25,"343","510","1646"
2022-10-09,569.224752475247,155,10,87,6,"107","136","335"
2022-10-10,579.459504950495,1400,111,831,79,"470","695","2902"
2022-10-11,579.419603960396,1718,115,1140,72,"565","779","4253"
2022-10-12,579.272673267327,1227,74,891,55,"557","786","3232"
2022-10-13,575.256138613861,1360,98,887,59,"599","739","3988"
2022-10-14,572.593168316832,1275,111,999,76,"748","1036","4860"
2022-10-15,570.425841584158,640,55,458,29,"346","492","1844"
2022-10-16,570.194059405941,186,17,88,13,"92","123","369"
2022-10-17,560.812376237624,1529,164,948,112,"432","682","3025"
2022-10-18,551.40297029703,1772,127,1194,99,"594","720","4691"
2022-10-19,539.073168316832,1519,109,1283,98,"539","767","3619"
2022-10-20,524.467425742574,1273,115,1166,62,"586","751","4814"
2022-10-21,506.584059405941,1229,97,1089,82,"680","968","5677"
2022-10-22,492.401287128713,463,38,510,32,"328","392","1648"
2022-10-23,488.938514851485,180,13,86,17,"91","99","349"
2022-10-24,441.574158415842,1203,108,1034,122,"539","586","3122"
2022-10-25,412.83900990099,1483,119,1565,131,"582","711","4846"
2022-10-26,384.326930693069,1136,109,1038,59,"518","628","3428"
2022-10-27,349.302277227723,999,98,994,66,"581","676","4047"
2022-10-28,319.20900990099,958,91,1176,60,"689","833","4581"
2022-10-29,299.703762376238,488,34,647,40,"248","353","1316"
2022-10-30,296.776633663366,127,9,84,9,"86","109","280"
2022-10-31,250.02900990099,911,100,816,111,"373","464","2061"
2022-11-01,201.411287128713,479,55,496,51,"51","110","813"
2022-11-02,213.701188118812,942,108,971,91,"479","642","2978"
2022-11-03,220.980297029703,887,91,1128,55,"622","675","4043"
2022-11-04,227.28396039604,780,68,875,77,"637","806","4366"
2022-11-05,231.686534653465,337,28,498,36,"243","348","1396"
2022-11-06,232.584554455446,106,8,103,5,"85","109","258"
2022-11-07,252.128811881188,910,90,897,109,"441","509","2627"
2022-11-08,285.178118811881,984,87,1147,117,"579","755","4841"
2022-11-09,260.667425742574,863,77,893,69,"488","631","3278"
2022-11-10,256.223861386139,802,70,838,51,"585","839","4495"
2022-11-11,224.503168316832,372,19,415,27,"62","102","347"
2022-11-12,237.104950495049,131,13,93,10,"191","302","1076"
2022-11-13,238.436831683168,101,11,50,1,"59","81","236"
2022-11-14,247.18495049505,1029,102,835,100,"416","499","2496"
2022-11-15,256.302574257426,1060,97,997,109,"561","662","4159"
2022-11-16,264.05801980198,1039,89,883,70,"518","595","2910"
2022-11-17,282.594851485149,889,70,940,75,"529","621","3685"
2022-11-18,325.795643564356,928,74,880,69,"591","743","4464"
2022-11-19,322.653366336634,392,30,446,26,"258","312","1392"
2022-11-20,323.45702970297,175,20,89,2,"61","75","285"
2022-11-21,351.552772277228,1093,98,778,94,"411","484","2307"
2022-11-22,371.629108910891,1167,95,1029,90,"507","543","3743"
2022-11-23,396.42603960396,1088,105,847,76,"431","504","2587"
2022-11-24,410.694851485148,889,75,820,56,"473","551","3556"
2022-11-25,430.476633663366,949,100,828,62,"540","649","3854"
2022-11-26,445.270693069307,441,45,448,29,"277","317","1280"
2022-11-27,448.859108910891,142,12,103,8,"62","65","237"
2022-11-28,486.798712871287,1378,147,891,95,"205","135","206"
2022-11-29,513.042772277228,1511,124,1109,88,"168","140","267"
2022-11-30,540.174752475247,1437,124,903,91,"159","189","228"
2022-12-01,550.306435643564,1303,94,1053,76,"152","140","688"
2022-12-02,555.262772277228,1145,110,884,68,"196","188","508"
2022-12-03,557.697920792079,548,53,599,38,"101","106","259"
2022-12-04,560.016237623762,238,15,121,10,"24","26","19"
2022-12-05,581.249900990099,1450,118,812,104,"132","120","277"
2022-12-06,591.710198019802,1790,131,1442,117,"144","136","262"
2022-12-07,593.543267326733,1721,143,1125,93,"145","139","236"
2022-12-08,606.942772277228,1719,149,1141,57,"126","133","292"
2022-12-09,620.73801980198,1550,122,1206,85,"197","192","340"
2022-12-10,628.709504950495,886,64,639,56,"108","98","329"
2022-12-11,628.95504950495,204,14,112,20,"31","30","31"
2022-12-12,616.887326732673,1888,178,1130,166,"118","89","269"
2022-12-13,607.632079207921,2104,173,1441,135,"114","117","281"
2022-12-14,596.041683168317,2047,181,1404,104,"101","132","237"
2022-12-15,585.382574257426,1790,157,1290,98,"127","137","420"
2022-12-16,572.124653465346,1652,130,1458,125,"201","203","545"
2022-12-17,560.184356435644,894,71,745,50,"87","82","204"
2022-12-18,556.423663366337,286,15,156,24,"16","20","23"
2022-12-19,517.882475247525,1753,155,1287,178,"147","125","237"
2022-12-20,497.524257425743,2288,194,1769,129,"136","149","327"
2022-12-21,479.273267326733,1990,179,1651,125,"131","102","187"
2022-12-22,458.955742574257,1652,119,1340,114,"140","98","145"
2022-12-23,441.568613861386,1601,139,1622,152,"124","142","433"
2022-12-24,425.921881188119,677,52,715,51,"29","22","31"
2022-12-25,419.679108910891,122,11,134,18,"3","7","16"
2022-12-26,360.094752475248,1191,110,1101,133,"89","88","243"
2022-12-27,321.395049504951,1885,185,1604,208,"106","152","286"
2022-12-28,286.363267326733,1545,183,1489,134,"98","128","173"
2022-12-29,259.032475247525,1096,103,1293,128,"101","93","141"
2022-12-30,233.424653465347,1095,105,1251,104,"121","119","76"
2022-12-31,218.907128712871,416,47,609,44,"36","33","26"
