"Time","Bourse","Balance","Matiere","Prix"
"01/05/2024",7992.87,-13886,143.8,0
"01/04/2024",7984.93,-11270,144.2,0.5
"01/03/2024",8205.81,-1546,136.5,0.2
"01/02/2024",7927.43,-4471,132.8,0.9
"01/01/2024",7656.75,-3709,132.5,-0.2
"01/12/2023",7543.18,9127,133.4,0.1
"01/11/2023",7310.77,-328,132,-0.2
"01/10/2023",6885.65,-4527,127.7,0.1
"01/09/2023",7135.06,327,128.3,-0.5
"01/08/2023",7316.7,-5927,126.9,1
"01/07/2023",7497.78,-2853,128.6,0.1
"01/06/2023",7400.06,3451,127,0.2
"01/05/2023",7098.7,-9010,125.8,-0.1
"01/04/2023",7491.5,2342,130.7,0.6
"01/03/2023",7322.39,-4256,129.8,0.9
"01/02/2023",7267.93,-8040,131.4,1
"01/01/2023",7082.42,-8416,130.3,0.4
"01/12/2022",6473.76,12906,126.1,-0.1
"01/11/2022",6738.55,-3303,122.5,0.3
"01/10/2022",6266.77,-3626,123.1,1
"01/09/2022",5762.34,-2462,125.6,-0.6
"01/08/2022",6125.1,-8739,132.3,0.5
"01/07/2022",6448.5,-6417,132.1,0.3
"01/06/2022",5922.86,7026,140.2,0.7
"01/05/2022",6468.8,-12115,144.1,0.7
"01/04/2022",6533.77,-1975,152.9,0.4
"01/03/2022",6659.87,-4911,153.4,1.4
"01/02/2022",6658.83,-6617,143.2,0.8
"01/01/2022",6999.2,-871,137.8,0.3
"01/12/2021",7153.03,12380,132.4,0.2
"01/11/2021",6721.16,3240,127.6,0.4
"01/10/2021",6830.34,1398,131.4,0.4
"01/09/2021",6520.01,681,128.6,-0.2
"01/08/2021",6680.18,-465,132.8,0.6
"01/07/2021",6612.76,2492,134.7,0.1
"01/06/2021",6507.83,2136,135.8,0.1
"01/05/2021",6447.17,-7107,138.7,0.3
"01/04/2021",6269.48,-478,130.4,0.1
"01/03/2021",6067.23,-2631,123,0.6
"01/02/2021",5703.22,-4635,119.7,0
"01/01/2021",5399.21,-70,116.3,0.2
"01/12/2020",5551.41,9764,113.1,0.2
"01/11/2020",5518.55,-484,104.5,0.2
"01/10/2020",4594.24,-5082,100.9,0
"01/09/2020",4803.44,-4104,101.2,-0.5
"01/08/2020",4947.22,-4164,98.9,-0.1
"01/07/2020",4783.69,-6316,93.2,0.4
"01/06/2020",4935.99,-7001,91.1,0.1
"01/05/2020",4695.44,-10312,89.8,0.1
"01/04/2020",4572.18,-5322,85.4,0
"01/03/2020",4396.12,-3127,89.2,0.1
"01/02/2020",5309.9,-4537,92.1,0
"01/01/2020",5806.34,-6911,95,-0.4
"01/12/2019",5978.06,11077,94.2,0.4
"01/11/2019",5905.17,3874,91.5,0.1
"01/10/2019",5729.86,540,90.1,0
"01/09/2019",5677.79,2303,91,-0.3
"01/08/2019",5480.48,-1349,91.3,0.5
"01/07/2019",5518.9,2745,97.8,-0.2
"01/06/2019",5538.97,-537,96.4,0.2
"01/05/2019",5207.63,-1399,94.5,0.1
"01/04/2019",5586.41,285,95.7,0.3
"01/03/2019",5350.53,2331,93.5,0.8
"01/02/2019",5240.53,-3279,94.4,0
"01/01/2019",4992.72,-2058,91.3,-0.4
"01/12/2018",4730.69,9579,89.6,0
"01/11/2018",5003.92,-116,91.6,-0.2
"01/10/2018",5093.44,-2461,92.8,0.1
"01/09/2018",5493.49,191,89.7,-0.2
"01/08/2018",5406.85,-3224,91.1,0.5
"01/07/2018",5511.3,3921,94.2,-0.1
"01/06/2018",5323.53,-6535,98.4,0
"01/05/2018",5398.4,-6052,98.8,0.4
"01/04/2018",5520.5,1494,97.7,0.2
"01/03/2018",5167.3,-1391,97.5,1
"01/02/2018",5320.49,-6077,98.5,0
"01/01/2018",5481.93,-5770,97.4,-0.1
"01/12/2017",5312.56,9152,94.6,0.3
"01/11/2017",5372.79,-1475,94.7,0.1
"01/10/2017",5503.29,-1894,94.1,0.1
"01/09/2017",5329.81,1038,95.8,-0.2
"01/08/2017",5085.59,3340,97,0.5
"01/07/2017",5093.77,1094,95,-0.3
"01/06/2017",5120.68,-2804,92,0
"01/05/2017",5283.63,-1495,92.5,0
"01/04/2017",5267.33,-941,93.5,0.1
"01/03/2017",5122.51,-2010,98.1,0.6
"01/02/2017",4858.58,-5055,98.7,0.1
"01/01/2017",4748.9,-11479,96.2,-0.2
"01/12/2016",4862.31,8540,93.8,0.3
"01/11/2016",4578.34,1368,92.5,0
"01/10/2016",4509.26,-1552,87.1,0
"01/09/2016",4448.26,1021,86.3,-0.2
"01/08/2016",4438.22,-3265,87.7,0.3
"01/07/2016",4439.81,-588,88.3,-0.4
"01/06/2016",4237.48,455,85.9,0.1
"01/05/2016",4505.62,-1648,83.8,0.4
"01/04/2016",4428.96,-1855,84,0.1
"01/03/2016",4385.06,-1096,81,0.7
"01/02/2016",4353.55,-7624,77.5,0.3
"01/01/2016",4417.02,-5543,75.6,-1
"01/12/2015",4637.06,6088,76.7,0.2
"01/11/2015",4957.6,-2721,78,-0.2
"01/10/2015",4897.66,847,81.2,0.1
"01/09/2015",4455.29,2301,81.8,-0.4
"01/08/2015",4652.95,-939,82.7,0.3
"01/07/2015",5082.61,-2066,83.9,-0.4
"01/06/2015",4790.2,3395,86.5,-0.1
"01/05/2015",5007.89,-2578,86.8,0.2
"01/04/2015",5046.49,-1232,85.4,0.1
"01/03/2015",5033.64,2100,86.2,0.7
"01/02/2015",4951.48,-5677,89,0.7
"01/01/2015",4604.25,-6676,91.5,-1
"01/12/2014",4272.75,6587,94.3,0.1
"01/11/2014",4390.18,-220,96.8,-0.2
"01/10/2014",4233.09,-2036,97.9,0
"01/09/2014",4416.24,2097,98.6,-0.4
"01/08/2014",4381.04,-2220,101.5,0.4
"01/07/2014",4246.14,1673,102.3,-0.3
"01/06/2014",4422.84,1133,101.2,0
"01/05/2014",4519.57,-9633,103.2,0
"01/04/2014",4487.39,-1672,106.1,0
"01/03/2014",4391.5,-28,104.9,0.5
"01/02/2014",4408.08,-6355,103.2,0.6
"01/01/2014",4165.72,-9000,101.7,-0.6
"01/12/2013",4295.95,7191,101.9,0.3
"01/11/2013",4295.21,-667,101,0
"01/10/2013",4299.89,-1520,100.3,-0.1
"01/09/2013",4143.44,-1280,100.5,-0.2
"01/08/2013",3933.78,-3052,101.6,0.5
"01/07/2013",3992.69,1046,101.1,-0.3
"01/06/2013",3738.91,7178,100.1,0.2
"01/05/2013",3948.59,-8469,101.4,0.1
"01/04/2013",3856.75,-866,102.5,-0.2
"01/03/2013",3731.42,1665,103.9,0.8
"01/02/2013",3723,-5772,106,0.3
"01/01/2013",3732.6,-8374,104.4,-0.5
"01/12/2012",3641.07,4452,101.6,0.3
"01/11/2012",3557.28,-2716,98.9,-0.2
"01/10/2012",3429.27,-4670,99,0.2
"01/09/2012",3354.82,416,98.9,-0.2
"01/08/2012",3413.07,-3684,98.6,0.7
"01/07/2012",3291.66,2123,99.9,-0.4
"01/06/2012",3196.65,3790,99.4,0
"01/05/2012",3017.01,-7660,101.2,-0.1
"01/04/2012",3212.8,-2512,103.7,0.1
"01/03/2012",3423.81,1397,104.8,0.8
"01/02/2012",3452.45,-5352,104.3,0.4
"01/01/2012",3298.55,-5733,102.1,-0.3
"01/12/2011",3159.81,2765,99.5,0.4
"01/11/2011",3154.62,-488,100.8,0.3
"01/10/2011",3242.84,-3330,104.7,0.2
"01/09/2011",2981.96,-476,112.6,-0.1
"01/08/2011",3256.76,900,116.6,0.5
"01/07/2011",3671.28,1514,117.5,-0.4
"01/06/2011",3982.21,4398,116.6,0.1
"01/05/2011",4006.94,-6097,118.2,0.1
"01/04/2011",4106.92,-2928,122.5,0.3
"01/03/2011",3989.18,62,121,0.8
"01/02/2011",4110.35,-7810,122.8,0.5
"01/01/2011",4005.5,-6199,118.8,-0.2
"01/12/2010",3804.78,-164,112.8,0.5
"01/11/2010",3610.44,-1878,108.3,0.1
"01/10/2010",3833.5,-1317,105.3,0.1
"01/09/2010",3715.18,290,102.8,-0.1
"01/08/2010",3490.79,22,100.9,0.2
"01/07/2010",3643.14,3744,95.2,-0.3
"01/06/2010",3442.89,-1931,95.3,0
"01/05/2010",3507.56,-7362,98.3,0.1
"01/04/2010",3816.99,540,102.8,0.3
"01/03/2010",3974.01,369,94.9,0.5
"01/02/2010",3708.8,-1206,91.2,0.6
"01/01/2010",3739.46,-3659,92.2,-0.2
"01/12/2009",3936.33,1117,88.4,0.3
"01/11/2009",3680.15,-4411,84.7,0.1
"01/10/2009",3607.69,-1737,81.7,0.1
"01/09/2009",3795.41,370,80.6,-0.2
"01/08/2009",3653.54,1833,83,0.5
"01/07/2009",3426.27,4883,77.4,-0.4
"01/06/2009",3140.44,-2472,74.8,0.1
"01/05/2009",3277.65,-3883,71.3,0.2
"01/04/2009",3159.85,-3691,67.1,0.2
"01/03/2009",2807.34,3806,65,0.2
"01/02/2009",2702.48,-3765,65.9,0.4
"01/01/2009",2973.92,-2710,66.3,-0.4
"01/12/2008",3217.97,3737,65,-0.2
"01/11/2008",3262.68,-4420,67.2,-0.5
"01/10/2008",3487.07,-3553,75.6,-0.1
"01/09/2008",4032.1,1945,94.3,-0.1
"01/08/2008",4482.6,-81,104.6,0
"01/07/2008",4392.36,871,110,-0.2
"01/06/2008",4434.85,-1921,108.9,0.4
"01/05/2008",5014.28,-6725,109.3,0.5
"01/04/2008",4996.54,-1702,109.4,0.3
"01/03/2008",4707.07,6084,108,0.7
"01/02/2008",4790.66,-2081,104.3,0.2
"01/01/2008",4869.79,-6028,99.7,-0.1
